{
  "1": [
    42.333022,
    -83.048681
  ],
  "2": [
    42.329286,
    -83.04843
  ],
  "3": [
    42.33344,
    -83.05055
  ],
  "4": [
    42.334415,
    -83.046032
  ],
  "5": [
    42.334706,
    -83.046706
  ],
  "6": [
    42.328328,
    -83.048352
  ],
  "7": [
    42.368716,
    -83.072034
  ],
  "8": [
    42.334305,
    -83.048496
  ],
  "9": [
    42.33543,
    -83.04888
  ],
  "10": [
    42.346605,
    -83.056836
  ],
  "11": [
    42.331026,
    -83.065425
  ],
  "12": [
    42.332992,
    -83.05145
  ],
  "13": [
    42.318863,
    -83.074382
  ],
  "14": [
    42.33553,
    -83.04888
  ],
  "15": [
    42.334927,
    -83.047252
  ],
  "16": [
    42.334728,
    -83.047255
  ],
  "17": [
    42.33354,
    -83.05055
  ],
  "18": [
    42.335712,
    -83.049701
  ],
  "19": [
    42.334812,
    -83.046189
  ],
  "20": [
    42.338047,
    -83.062567
  ],
  "21": [
    42.363047,
    -83.085201
  ],
  "22": [
    42.34025,
    -83.05811
  ],
  "23": [
    42.351443,
    -83.060108
  ],
  "24": [
    42.360223,
    -83.066305
  ],
  "25": [
    42.331413,
    -83.046563
  ],
  "26": [
    42.342649,
    -82.998573
  ],
  "27": [
    42.34905,
    -83.041898
  ],
  "28": [
    42.343879,
    -83.03356
  ],
  "30": [
    42.344337,
    -83.060694
  ],
  "31": [
    42.328529,
    -83.063349
  ],
  "32": [
    42.331703,
    -83.065774
  ],
  "33": [
    42.331725,
    -83.063272
  ],
  "34": [
    42.332288,
    -83.04931
  ],
  "35": [
    42.330482,
    -83.045432
  ],
  "36": [
    42.329041,
    -83.047737
  ],
  "37": [
    42.348523,
    -83.087987
  ],
  "38": [
    42.3478,
    -83.065018
  ],
  "39": [
    42.333596,
    -83.051529
  ],
  "40": [
    42.333539,
    -83.051369
  ],
  "41": [
    42.33356,
    -83.051468
  ],
  "42": [
    42.333418,
    -83.048503
  ],
  "43": [
    42.330891,
    -83.047851
  ],
  "44": [
    42.360592,
    -83.066499
  ],
  "45": [
    42.369685,
    -83.073426
  ],
  "46": [
    42.33382,
    -83.04991
  ],
  "47": [
    42.333636,
    -83.049522
  ],
  "48": [
    42.334558,
    -83.047888
  ],
  "49": [
    42.332997,
    -83.048953
  ],
  "50": [
    42.33276,
    -83.047963
  ],
  "51": [
    42.3293,
    -83.04754
  ],
  "52": [
    42.331607,
    -83.075355
  ],
  "53": [
    42.329506,
    -83.045689
  ],
  "55": [
    42.355812,
    -83.066356
  ],
  "56": [
    42.33291,
    -83.049808
  ],
  "57": [
    42.337947,
    -83.052997
  ],
  "63": [
    42.334471,
    -83.047014
  ],
  "64": [
    42.335598,
    -83.045963
  ],
  "65": [
    42.345175,
    -83.05558
  ],
  "67": [
    42.337576,
    -83.050024
  ],
  "68": [
    42.33392,
    -83.04991
  ],
  "69": [
    42.34833,
    -83.067366
  ],
  "70": [
    42.330563,
    -83.048639
  ],
  "71": [
    42.35302,
    -83.079447
  ],
  "72": [
    42.337719,
    -83.052991
  ],
  "73": [
    42.332809,
    -83.047436
  ],
  "74": [
    42.335035,
    -83.054965
  ],
  "75": [
    42.33316,
    -83.049848
  ],
  "76": [
    42.334355,
    -83.048544
  ],
  "77": [
    42.354211,
    -83.0638
  ],
  "78": [
    42.347354,
    -83.065259
  ],
  "79": [
    42.345162,
    -83.05608
  ],
  "80": [
    42.333061,
    -83.049006
  ],
  "81": [
    42.335307,
    -83.04877
  ],
  "82": [
    42.338604,
    -83.020675
  ],
  "83": [
    42.328973,
    -83.054509
  ],
  "84": [
    42.32883,
    -83.03959
  ],
  "85": [
    42.32893,
    -83.03959
  ],
  "86": [
    42.33182,
    -83.049973
  ],
  "87": [
    42.335008,
    -83.048556
  ],
  "r1": [
    42.335775,
    -83.048593
  ],
  "r2": [
    42.360358,
    -82.984843
  ],
  "r3": [
    42.344168,
    -83.037879
  ],
  "r4": [
    42.33164,
    -83.070831
  ],
  "r5": [
    42.353007,
    -83.067043
  ],
  "u1": [
    42.33806,
    -83.052108
  ],
  "u2": [
    42.33224,
    -83.045413
  ],
  "u3": [
    42.333525,
    -83.047582
  ],
  "u4": [
    42.403741,
    -82.935302
  ]
}